model,deadline_miss_rate,cost_per_episode,rank
model_10000.d3,1.0,272937.9662629928,1
model_20000.d3,1.0,277175.2318925522,2
model_30000.d3,1.0,317032.74253570737,3
